'NAME', 'DISTANCE'

New York City New York USA,"40.7127281, -74.0060152"

Chicago Illinois USA,"41.8755616, -87.6244212"

Erin New York USA,"42.1859079, -76.6699493"

Corning New York USA,"42.095532, -76.895482"

Poultney Vermont USA,"43.5171364, -73.2363426"

Hollywood California USA,"34.0980031, -118.329523"

Rio Grande Puerto Rico,"18.3606321, -67.23687225928968"

Wilmington Delaware USA,"39.7459468, -75.546589"

Petoskey Michigan USA,"45.373343, -84.95533"

Los Angeles California USA,"34.0536909, -118.242766"

West Hollywood California USA,"34.0923014, -118.3692894"

Kyiv Ukraine,"50.4500336, 30.5241361"

Palos Verdes High School California USA,"33.7795033, -118.4195798873998"

 Sweden,"59.6749712, 14.5208584"

 5-7 08038 Barcelona,"41.423883, 2.1545027"

Morecambe Lancashire England UK,"54.0721085, -2.8650938"

Berlin Germany,"52.5170365, 13.3888599"

Bremen Germany,"53.0758196, 8.8071646"

Hamburg Germany,"53.550341, 10.000654"

Walsrode Lower Saxony Germany,"52.8625395, 9.5883023"

Cologne North Rhine-Westphalia Germany,"50.938361, 6.959974"

Leidingen Wallerfangen Saarland Germany,"49.3086764, 6.6109318"

Quedlinburg Saxony-Anhalt Germany,"51.7855428, 11.1519933"

Freiberg Saxony Germany,"50.9169415, 13.3428889"

Dithmarschen Schleswig-Holstein Germany,"54.1331231, 9.0799113"

Weimar Thuringia Germany,"50.9810486, 11.3296637"

Washington District of Columbia USA,"38.8950368, -77.0365427"

Fairmont West Virginia USA,"39.4850848, -80.1425781"

Kilmainham Jail Dublin County Dublin Ireland,"53.34174585, -6.309578660652412"

Galway Ireland,"53.2744122, -9.0490601"

Canberra Australian Capital Territory Australia,"-35.2975906, 149.1012676"

Valley Village Los Angeles California USA,"34.1637147, -118.3965758"

Nador Morocco,"35.051739350000005, -2.824650885931628"

Istanbul Turkey,"41.0091982, 28.9662187"

Melbourne Australia,"-37.8142176, 144.9631608"

Crown Casino Melbourne Victoria Australia,"-37.82333165, 144.95828578718215"

Ithaca New York USA,"42.437072, -76.54831458600927"

 Boston Suffolk Massachusetts USA,"42.3602534, -71.0582912"

United Center - 1901 W. Madison Street Near West Side Chicago Illinois USA,"41.88068305, -87.67418510441388"

 St Louis Missouri USA,"38.6264256, -90.1995853"

 Boston Massachusetts USA,"42.3602534, -71.0582912"

Glasgow Scotland UK,"55.8609825, -4.2488787"

Warsaw Mazowieckie Poland,"52.2319581, 21.0067249"

Vancouver British Columbia Canada,"49.2608724, -123.113952"

South Africa,"-28.8166236, 24.991639"

Halifax Nova Scotia Canada,"44.648618, -63.5859487"

Ontario Canada,"50.000678, -86.000977"

 Canada,"61.0666922, -107.991707"

Washington Maryland USA,"39.0210196, -76.74402176590908"

Poland,"52.215933, 19.134422"

Brooklyn New York City New York USA,"40.6526006, -73.9497211"

Jersey City New Jersey USA,"40.7215682, -74.047455"

Kenner Louisiana USA,"29.9942265, -90.2417806"

New Orleans Louisiana USA,"29.9759983, -90.0782127"

Jackson Mississippi USA,"32.2990021, -90.1847691"

Sherman Oaks Los Angeles California USA,"34.1508718, -118.4489865"

San Francisco California USA,"37.7790262, -122.419906"

University of Huddersfield Huddersfield West Yorkshire England UK,"53.642893349999994, -1.7781788600613813"

 Burbank California USA,"34.1816482, -118.3258554"

Kew Gardens Queens New York City New York USA,"40.7139415, -73.830742"

Trenton New Jersey USA,"40.2170575, -74.7429463"

Pocono Pennsylvania USA,"41.0720259, -75.7007471"

Niagara Falls Ontario Canada,"43.1065603, -79.0639039"

Rome Italy,"41.8933203, 12.4829321"

Florence Tuscany Italy,"43.7698712, 11.2555757"

Antibes Alpes-Maritimes France,"43.5836, 7.10905"

Nice Alpes-Maritimes France,"43.7009358, 7.2683912"

Washington Crossing Pennsylvania USA,"40.2934408, -74.8704424"

Pennington New Jersey USA,"40.3281213, -74.7909992"

Nimes France,"43.8374249, 4.3600687"

Le Vigan France,"43.9912933, 3.6059407"

Asbury Park New Jersey USA,"40.2203907, -74.0120817"

The Bahamas,"24.7736546, -78.0000547"

Atlanta Georgia USA,"33.7489924, -84.3902644"

Adelaide South Australia Australia,"-34.9281805, 138.5999312"

Sydney New South Wales Australia,"-33.8548157, 151.2164539"

 Eveleigh Sydney New South Wales Australia,"-33.895, 151.1913889"

Camden New South Wales Australia,"-34.016087, 150.71988490858"

India,"22.3511148, 78.6677428"

Kenya,"1.4419683, 38.4313975"

England UK,"52.5310214, -1.2649062"

Kentwell Hall Long Melford Suffolk England UK,"52.0983652, 0.7187206630442042"

 rue du Conservatoire Paris 9 Paris France,"48.87328, 2.3467916"

France,"46.603354, 1.8883335"

Italy,"42.6384261, 12.674297"

Martinique,"14.6367927, -61.01582685063731"

Taipei City Taiwan,"25.0452747, 121.5078001"

Fenglin Hualien Taiwan,"23.744648, 121.451687"

Sintra Lisbon Portugal,"38.8355605, -9.352225245746453"

Mumbai Maharashtra India,"19.0759899, 72.8773928"

NHK Hall 2-2-1 Jinnan Shibuya-ku Tokyo Japan,"35.66651565, 139.69700305567807"

Okinawa Japan,"26.4748948, 127.91146866408414"

Arizona USA,"34.395342, -111.763275"

Amsterdam Noord-Holland Netherlands,"52.4097446, 4.9319309"

Port Lincoln South Australia Australia,"-34.7284175, 135.8563199414681"

Madrid Spain,"40.4167047, -3.7035825"

Cannes Alpes-Maritimes France,"43.5515198, 7.0134418"

Copenhagen Denmark,"55.6867243, 12.5700724"

Van Nuys Los Angeles California USA,"34.1866193, -118.4486675"

Taiwan,"23.9739374, 120.9820179"

Lexington Kentucky USA,"38.0464066, -84.4970393"

 Hawaii USA,"19.593801499999998, -155.42837009716908"

Manila Philippines,"14.5948914, 120.9782618"

Mardin Turkey,"37.3414854, 40.7476249"

North Hollywood Los Angeles California USA,"34.1729044, -118.3740371"

Granada Hills Los Angeles California USA,"34.2661558, -118.5174342"

Downey California USA,"33.942215, -118.1235646"

Zoo-Kindergarten Magdeburg Saxony-Anhalt Germany,"52.16713155, 11.641490727241832"

Hyderabad Telangana India,"17.360589, 78.4740613"

Ferndale Michigan USA,"42.4605917, -83.1346478"

Morocco,"31.1728205, -7.3362482"

Mauritania,"20.2540382, -9.2399263"

Gambia,"13.470062, -15.4900464"

Guinea-Bissau,"12.100035, -14.9000214"

Liberia,"5.7499721, -9.3658524"

Ghana,"8.0300284, -1.0800271"

Nigeria,"9.6000359, 7.9999721"

Cameroon,"4.6125522, 13.1535811"

Angola,"-11.8775768, 17.5691241"

Cape Town South Africa,"-33.928992, 18.417396"

Seoul South Korea,"37.5666791, 126.9782914"

Singapore Singapore,"1.357107, 103.8194992"

Santa Clarita California USA,"34.3916641, -118.542586"

Pittsburgh Pennsylvania USA,"40.3693889, -80.6243098"

 Downtown Los Angeles California USA,"34.0428494, -118.2476732"

James Oviatt building - 617 Olive Street Downtown Los Angeles California USA,"34.0478442, -118.25490323361046"

Hawthorne Plaza - 12124 Hawthorne Blvd. Hawthorne California USA,"33.91967925, -118.35166192995533"

Bluff Place Long Beach California USA,"33.7641993, -118.1718054"

 545 S. Main Street Los Angeles California USA,"33.99452722613065, -118.47648947738693"

 Santa Clarita California USA,"34.3916641, -118.542586"

 Arcadia California USA,"34.1362075, -118.0401497"

Miner Street Port of Los Angeles California USA,"33.7210297, -118.2753419"

 San Pedro Los Angeles California USA,"33.7358518, -118.2922934"

 Los Angeles California USA,"34.0536909, -118.242766"

 Pasadena California USA,"34.1476452, -118.1444779"

Paris France,"48.8588897, 2.3200410217200766"

 Fillmore California USA,"34.3985613, -118.9125093"

Malta Republic of Malta,"35.8885993, 14.4476911"

 Long Beach California USA,"33.7690164, -118.191604"

Old Royal Naval College Greenwich London England UK,"51.4829721, -0.006244790071090098"

Queen's House Greenwich London England UK,"51.4811493, -0.003719609669150446"

Backstage Bar & Grill 10400 Culver Blvd Culver City California USA,"34.016273999999996, -118.40014301329602"

 San Juan Puerto Rico,"18.465299, -66.116666"

Luxembourg,"49.8158683, 6.1296751"

UK,"54.7023545, -3.2765753"

Langley Buckinghamshire England UK,"51.5079006, -0.5402415"

Youngstown Cultural Arts Center Seattle Washington USA,"47.5635813, -122.3630408734515"

Tagaytay City Cavite Philippines,"14.2999631, 120.9577667"

San Miniato Pisa Tuscany Italy,"43.6797502, 10.8500949"

Kodiak Alaska USA,"57.79, -152.4072222"

Brussels Belgium,"41.7039918, 44.7933627"

 Spain,"39.3260685, -4.8379791"

Thuringia Germany,"50.9014721, 11.0377839"

 Federal District Argentina,"54.5109944, 36.260701"

 France,"46.603354, 1.8883335"

Toronto Ontario Canada,"43.6534817, -79.3839347"

Stephenville Texas USA,"32.2191836, -98.2130634"

Bucks County Pennsylvania USA,"40.3451668, -75.1263909"

Fraser Valley British Columbia Canada,"49.5723178, -121.8758984"

 Houston Texas USA,"29.7589382, -95.3676974"

Dundee Scotland UK,"56.4605938, -2.97019"

Fredericksburg Virginia USA,"38.3031837, -77.4605399"

Stafford Virginia USA,"38.4222681, -77.4084067"

Spotsylvania Virginia USA,"38.200965, -77.589154"

 Fredericksburg Virginia USA,"38.3031837, -77.4605399"

 Stamford Connecticut USA,"41.0534302, -73.5387341"

Austin Texas USA,"30.2711286, -97.7436995"

 Ontario Canada,"50.000678, -86.000977"

Port Carling Ontario Canada,"45.1163936, -79.5759748"

Dog Creek First Nation Manitoba Canada,"50.96067255, -98.59726459522412"

 Alberta Canada,"55.1034163, -117.6114988"

Perth Ontario Canada,"44.8992423, -76.2487294"

Batoche Saskatchewan Canada,"52.7560096, -106.1179376"

Prince Albert Saskatchewan Canada,"53.201097, -105.748901"

Winnipeg Manitoba Canada,"49.8955367, -97.1384584"

Calgary Alberta Canada,"51.0460954, -114.065465"

Scarborough North Yorkshire England UK,"54.2820009, -0.4011868"

 Altrincham Cheshire England UK,"53.3428073, -2.2786497"

8 Vernon St Stockport Greater Manchester England UK,"53.4122803, -2.1567276"

Manchester Greater Manchester England UK,"53.4794892, -2.2451148"

Manhattan Center - 311 West 34th Street Manhattan New York City New York USA,"40.7529437, -73.99411989108398"

Allen Texas USA,"33.1031744, -96.6705503"

Coquitlam British Columbia Canada,"49.2842958, -122.793281"

Seattle Washington USA,"47.6038321, -122.3300624"

 Seattle Washington USA,"47.6038321, -122.3300624"

Venice Los Angeles California USA,"33.988334949999995, -118.46152716615018"

Philadelphia Pennsylvania USA,"39.9527237, -75.1635262"

Kuji Iwate Japan,"40.1904323, 141.7756812"

Monaco,"43.73844905, 7.424224092532953"

Naples Italia,"40.8358846, 14.2487679"

Tunisia,"33.8439408, 9.400138"

Florence Italy,"43.7698712, 11.2555757"

Barcelona Catalonia Spain,"41.3828939, 2.1774322"

Blanes Girona Catalonia Spain,"41.6756178, 2.7932391"

Lloret de Mar Girona Catalonia Spain,"41.6973503, 2.8392392"

Banyoles Girona Catalonia Spain,"42.1180477, 2.7653607"

Girona Catalonia Spain,"41.9793006, 2.8199439"

Murcia Spain,"37.9923795, -1.1305431"

Orlando Florida USA,"28.5421109, -81.3790304"

Peekskill New York USA,"41.289811, -73.9204922"

Somers New York USA,"41.3281498, -73.6856857"

Yorktown Heights New York USA,"41.2695965, -73.77527040089426"

Colorado USA,"38.7251776, -105.607716"

Utah USA,"39.4225192, -111.714358"

Michigan USA,"42.9986074, -82.4263676"

West Hills Los Angeles California USA,"34.2032325, -118.645476"

Echo Park Los Angeles California USA,"34.074, -118.2608735"

New York USA,"40.7127281, -74.0060152"

Louisiana USA,"30.8703881, -92.007126"

Mississippi USA,"32.9715285, -89.7348497"

Oregon USA,"43.9792797, -120.737257"

Idaho USA,"43.6447642, -114.015407"

New Mexico USA,"34.5708167, -105.993007"

Nevada USA,"39.5158825, -116.8537227"

California USA,"36.7014631, -118.755997"

Sausalito California USA,"37.8590272, -122.485469"

 Crescent City California USA,"41.755948, -124.201747"

Portland Oregon USA,"45.5202471, -122.6741949"

 Crater Lake National Park Oregon USA,"42.931692, -122.12783655607095"

San Diego California USA,"32.7174202, -117.1627728"

Mojave Desert California USA,"35.1456319, -115.54896378664561"

 Channel Islands California USA,"33.96579515, -120.09189711105296"

Palm Springs California USA,"33.772179449999996, -116.49529769785079"

Huntington Beach California USA,"33.6783336, -118.0000166"

Washington USA,"38.8950368, -77.0365427"

Olympic National Park Washington USA,"47.786532449999996, -123.53605033085455"

Columbia River Washington USA,"45.5901679, -122.5034383"

 Mount St. Helens National Volcanic Monument Washington USA,"46.253666800000005, -122.18698664111825"

Big Sur California USA,"36.270241, -121.8074545"

Yosemite National Park California USA,"37.84054795, -119.51658779802511"

Silicon Valley California USA,"37.4429964, -122.1545229"

Monterey Bay Aquarium - 886 Cannery Row Monterey California USA,"36.61808885, -121.90167202803043"

Boston Massachusetts USA,"42.3602534, -71.0582912"

Australia,"-24.7761086, 134.755"

Melbourne Victoria Australia,"-37.8142176, 144.9631608"

Prague Czech Republic,"50.0874654, 14.4212535"

 Chile,"-31.7613365, -71.3187697"

Venice Veneto Italy,"45.4371908, 12.3345898"

Maastricht Limburg Netherlands,"50.85798545, 5.6969881818221095"

Vrijthof Maastricht Limburg Netherlands,"50.8490733, 5.688630319614001"

Vienna Austria,"48.2083537, 16.3725042"

 Hietzing Vienna Austria,"48.17854095, 16.25298581556564"

Mexico City Distrito Federal Mexico,"19.4239552, -99.1757289"

Elon College Elon North Carolina USA,"36.1016366, -79.5069301"

Vestingmuseum Naarden Noord-Holland Netherlands,"52.2933695, 5.1604117"

London England UK,"51.5073219, -0.1276474"

Cambodia,"13.5066394, 104.869423"

Manhattan New York City New York USA,"40.7896239, -73.9598939"

Stadtgarten Cologne North Rhine Westphalia Germany,"50.9444085, 6.936839511917883"

Lithuania,"55.3500003, 23.7499997"

Finsbury Park London England UK,"51.5648345, -0.1064144"

Mississauga Ontario Canada,"43.5896231, -79.6443879"

 Mississauga Ontario Canada,"43.5896231, -79.6443879"

St. Augustine Florida USA,"29.8946952, -81.3145395"

Pasadena California USA,"34.1476452, -118.1444779"

 Silver Lake Los Angeles California USA,"34.0896518, -118.2693735"

 Brentwood New York USA,"40.7799998, -73.25600452906124"

 New York City New York USA,"40.7127281, -74.0060152"

 259 Green St Brooklyn New York City New York USA,"40.7343274, -73.9502418"

Canada,"61.0666922, -107.991707"

Villavicencio Meta Colombia,"4.1315113, -73.6206667"

Vanguardia Airport Villavicencio Meta Colombia,"4.1697291, -73.612813410477"

Miraflores Guaviare Colombia,"1.3369175, -71.9514805"

 Colombia,"4.099917, -72.9088133"

 Calle 49 Santiago de Cali Valle del Cauca Colombia,"3.4512969, -76.5011314"

 Diagonal 24 Santiago de Cali Valle del Cauca Colombia,"3.4397887, -76.5099233"

 Riohacha La Guajira Colombia,"11.544634, -72.9069784"

 Mayapo La Guajira Colombia,"11.6463197, -72.7829961"

Colombia,"4.099917, -72.9088133"

Santiago de Cali Valle del Cauca Colombia,"3.4517923, -76.5324943"

La Guajira Colombia,"11.4354118, -72.9002161"

Goma North Kivu Democratic Republic of the Congo,"-1.6665685, 29.225652"

 Bougainvilliers Avenue Goma North Kivu Democratic Republic of the Congo,"-1.6913873, 29.2420087"

 Orientale Democratic Republic of the Congo,"1.7069386999999998, 26.643813998412064"

Democratic Republic of the Congo,"-2.9814344, 23.8222636"

Congo River Democratic Republic of the Congo,"-0.6494883, 17.6652217"

Rwanda,"-1.9646631, 30.0644358"

Goma Airport Democratic Republic of the Congo,"-1.66486355, 29.238111563658414"

Wagenia Democratic Republic of the Congo,"0.4955695, 25.205382066277352"

 Kisangani Democratic Republic of the Congo,"0.5184021, 25.2057292"

Detroit Michigan USA,"42.3315509, -83.0466403"

Jerusalem Israel,"31.79592425, 35.21198075969497"

Aida West Bank Palestine,"31.90596055, 35.20117687136272"

Bethlehem Palestine,"31.7043556, 35.2061876"

 Ein Rafa Israel,"31.7901732, 35.1162744"

Gaza Palestine,"31.4432234, 34.360007"

Bani Suheila Gaza Palestine,"31.3424593, 34.3250653"

 Bror Hayil Israel,"31.5597901, 34.6491564"

Bror Hayil Israel,"31.5597901, 34.6491564"

Wailing Wall Old City Jerusalem Israel,"31.776473699999997, 35.233922482041855"

Damascus Gate Old City Jerusalem Israel,"31.7816733, 35.230453302640925"

Via Dolorosa Old City Jerusalem Israel,"31.7803362, 35.2338077"

Israel,"31.5313113, 34.8667654"

West Bank Palestine,"32.0254688, 35.2888075"

 West Bank Israel,"31.8743094, 35.4490902"

West Bank Israel,"31.8743094, 35.4490902"

Ramallah Palestine,"31.9030543, 35.1952255"

Palestine,"31.462420950000002, 34.262716572130714"

 Tripoli Libya,"32.896672, 13.1777923"

Leptis Magna Al Khums Murqub Libya,"32.6370888, 14.292351015739527"

Fashloom Street Tripoli Libya,"32.886311899999995, 13.20632496664279"

 Misrata Misrata Libya,"32.3745318, 15.0904886"

Libya,"26.8234472, 18.1236723"

Al Khums Murqub Libya,"32.652183, 14.26801"

 Tripolitania Libya,"30.825709850000003, 14.15247920647558"

Tripoli Libya,"32.896672, 13.1777923"

Koreatown Los Angeles California USA,"34.0617936, -118.3054475"

 Koreatown Los Angeles California USA,"34.0617936, -118.3054475"

Sizzler Koreatown Los Angeles California USA,"34.0592251, -118.30882835665898"

Los Feliz Los Angeles California USA,"34.108133949999996, -118.29017961170848"

California Donuts Koreatown Los Angeles California USA,"34.0688125, -118.2931133"

Whittier Boulevard East Los Angeles California USA,"34.0168766, -118.1405525"

 Morocco,"31.1728205, -7.3362482"

Yangon Yangon Region Myanmar,"16.8753591, 96.1172704"

Bagan Mandalay Region Myanmar,"21.1317111, 94.8623644"

 Yangon Myanmar,"16.7967129, 96.1609916"

Feel Myanmar Food Yangon Myanmar,"16.7907353, 96.1436351"

The Strand Hotel Yangon Myanmar,"16.76958875, 96.16258674940903"

Kaung Myat Restaurant Yangon Myanmar,"16.806922, 96.1755768"

Myanmar,"17.1750495, 95.9999652"

19th Street Yangon Myanmar,"16.7721492, 96.1493527"

Sofaer Building Yangon Myanmar,"16.7715627, 96.1617823"

Santa Fe New Mexico USA,"35.6876096, -105.9384569"

Horseman's Haven Cafe - 4354 Cerrillos Road Santa Fe New Mexico USA,"35.6328656, -106.0200502"

Zia Pueblo New Mexico USA,"35.5069758, -106.720311"

Albuquerque New Mexico USA,"35.0841034, -106.650985"

 San Isidro Lima Peru,"-12.0979021, -77.03536662844232"

Lima Peru,"-12.0621065, -77.0365256"

 Pueblo Libre Lima Peru,"-12.07663875, -77.06785807599587"

Amaz Avenida La Paz Miraflores Lima Peru,"-12.1287093, -77.026562"

Pucusana Lima Peru,"-12.4816307, -76.7977746"

Canta Rana Genova Barranco Lima Peru,"-12.1467585, -77.0223185"

Peru,"-6.8699697, -75.0458515"

 Lima Peru,"-12.0621065, -77.0365256"

Chiclayo Lambayeque Peru,"-6.766417, -79.8408308"

 Peru,"-6.8699697, -75.0458515"

Porto Portugal,"41.1494512, -8.6107884"

Russia,"64.6863136, 97.7453061"

Moscow Russia,"55.7504461, 37.6174943"

Rublevka Moscow Russia,"55.2739509, 37.833386"

St. Petersburg Russia,"59.938732, 30.316229"

Shanghai China,"31.2322758, 121.4692071"

Almeria Andalucia Spain,"36.8414197, -2.4628135"

 Plaza Larga 1 18010 Granada Spain,"37.1826337, -3.5934887"

Burbank California USA,"34.1816482, -118.3258554"

Apulia Italy,"40.9842539, 16.6210027"

Gaziantep Turkey,"37.0628317, 37.3792617"

Lake Isabella California USA,"35.638326, -118.48446958199332"

 Kernville California USA,"35.7330735, -118.43394593561493"

 Springville California USA,"36.123081, -118.83973999924812"

Kern River California USA,"35.9237, -118.4986643"

Chittagong Bangladesh,"22.68394485, 91.78913897849154"

Bangladesh,"24.4769288, 90.2934413"

Cotonou Benin,"6.3676953, 2.4252507"

Salvador Bahia Brazil,"-12.9822499, -38.4812772"

Quito Ecuador,"-0.2201641, -78.5123274"

Ecuador,"-1.3397668, -79.3666965"

Ethiopia,"10.2116702, 38.6521203"

Addis Ababa Ethiopia,"9.0107934, 38.7612525"

Manila Metro Manila Philippines,"14.5948914, 120.9782618"

Varanasi Uttar Pradesh India,"25.3356491, 83.0076292"

Phnom Penh Cambodia,"11.568271, 104.9224426"

Mongolia,"46.8250388, 103.8499736"

Kathmandu Nepal,"27.708317, 85.3205817"

Romania,"45.9852129, 24.6859225"

Ulan Bator Mongolia,"47.9184676, 106.9177016"

Nepal,"28.1083929, 84.0917139"

Edinburgh Scotland UK,"55.9533456, -3.1883749"

Bucharest Romania,"44.4361414, 26.1027202"

Long Beach California USA,"33.7690164, -118.191604"

Austinmer NSW Australia,"-34.3064627, 150.9292162"

Dubai United Arab Emirates,"25.2653471, 55.2924914"

Perth Australia,"-31.9527121, 115.8604796"

Kuala Lumpur Malaysia,"3.1516964, 101.6942371"

 Sri Lanka,"7.5554942, 80.7137847"

Singapore,"1.357107, 103.8194992"

Yangon Myanmar,"16.7967129, 96.1609916"

Bangkok Thailand,"13.7525438, 100.4934734"

Ho Chi Minh City Vietnam,"10.7715512, 106.6983801"

Jakarta Indonesia,"-6.1753942, 106.827183"

Bali Indonesia,"46.2188724, 6.139014"

Komodo Island Indonesia,"-8.58919055, 119.46241187720759"

Batu Caves Gombak Selangor Malaysia,"3.2379333499999996, 101.68138371290932"

 Kuala Lumpur Malaysia,"3.1516964, 101.6942371"

Estonia,"58.7523778, 25.3319078"

Calhan Colorado USA,"39.0355459, -104.297186"

Sylmar Los Angeles California USA,"34.3076252, -118.4492148"

Louisville Kentucky USA,"38.2542376, -85.759407"

Rio de Janeiro Rio de Janeiro Brazil,"-22.9110137, -43.2093727"

New Zealand,"-41.5000831, 172.8344077"

Japan,"36.5748441, 139.2394179"

Western Australia Australia,"-25.2303005, 121.0187246"

New South Wales Australia,"-31.8759835, 147.2869493"

Tasmania Australia,"-42.035067, 146.6366887"

Victoria Australia,"-36.5986096, 144.6780052"

Queensland Australia,"-22.1646782, 144.5844903"

South Australia Australia,"-30.5343665, 135.6301212"

Mexico City Mexico,"19.4326296, -99.1331785"

Jalisco Mexico,"29.4853644, -98.5951857"

Oaxaca Mexico,"17.0, -96.5"

Sonora Mexico,"29.3333331, -110.6666671"

Atlantic City New Jersey USA,"39.3642852, -74.4229351"

Haddon Heights New Jersey USA,"39.8773356, -75.0646165"

Hammonton New Jersey USA,"39.6365056, -74.8023853"

Wales UK,"52.2928116, -3.73893"

Chepstow Monmouthshire Wales UK,"51.6399641, -2.6711114"

 Redcliffe Parade Bristol England UK,"51.4483207, -2.5896150851156645"

Edge End Gloucestershire England UK,"51.8047631, -2.5991761"

Altadena California USA,"34.1863161, -118.1352329"

Lahore Pakistan,"31.5656822, 74.3141829"

Hickory Hills Illinois USA,"41.7255879, -87.825055"

S. Jorge Azores Portugal,"38.64453055, -28.052782821544746"

Miami-Dade County Florida USA,"25.6364246, -80.4989467"

 West Hollywood California USA,"34.0923014, -118.3692894"

 Fort Lauderdale Florida USA,"26.1223084, -80.1433786"

Uganda,"1.5333554, 32.2166578"

Deseret First Credit Union,"40.5820556, -111.8614155"

Las Vegas Nevada USA,"36.1672559, -115.148516"

 Long Island New York USA,"40.85149705, -73.0994258107431"

 Scarborough Toronto Ontario Canada,"43.7729744, -79.2576479"

 Hollywood Los Angeles California USA,"34.0980031, -118.329523"

Malaysia,"4.5693754, 102.2656823"

Panama City Panama,"8.9714493, -79.5341802"

Buchanan Galleries 220 Buchanan Street Glasgow Scotland UK,"55.86373955, -4.251943778374707"

 Ft. Worth Texas USA,"32.753177, -97.3327459"

 White Settlement Texas USA,"32.7595737, -97.4583538"

 Fort Worth Texas USA,"32.753177, -97.3327459"

Fort Worth Texas USA,"32.753177, -97.3327459"

Villa Arconati Castellazzo Bollate Milano Italy,"45.555995949999996, 9.09631271652268"

Villa Annoni Cuggiono Milano Italy,"45.504024, 8.816601078972692"

Charlotte North Carolina USA,"35.2272086, -80.8430827"

Monroe North Carolina USA,"34.9854275, -80.5495112"

Gastonia North Carolina USA,"35.2622158, -81.1838794"

Waxhaw North Carolina USA,"34.9248125, -80.7440174"

Greenville South Carolina USA,"34.851354, -82.3984882"

Lincolnton North Carolina USA,"35.473745, -81.2545251"

Mooresville North Carolina USA,"35.5848596, -80.8100724"

Vandergrift Pennsylvania USA,"40.6028462, -79.5647741"

Harlem New York USA,"40.8078786, -73.9454154"

Windsor Ontario Canada,"42.317099, -83.0353434"

Barcelona Barcelona Catalonia Spain,"41.3828939, 2.1774322"

Hyde Park London England UK,"51.5074889, -0.16223668308067218"

Fullerton California USA,"33.8708215, -117.9294165"

Pacific Beach California USA,"32.7978268, -117.2403183"

Aldergrove British Columbia Canada,"49.0596635, -122.4922381"

Steveston Richmond British Columbia Canada,"49.1280561, -123.177415512419"

Horseshoe Bay West Vancouver British Columbia Canada,"49.3744409, -123.2739191"

Seycove Secondary School 1204 Caledonia Ave North Vancouver British Columbia Canada,"49.318982199999994, -122.95098697491406"

 Vancouver British Columbia Canada,"49.2608724, -123.113952"

Campbell River Store - Surrey British Columbia Canada,"49.0162109, -122.7345605"

Delta Street Ladner British Columbia Canada,"49.0905627, -123.0853713"

Fort Langley British Columbia Canada,"49.169126, -122.5793628"

Coos Bay Oregon USA,"43.3678937, -124.2174647"

Houston Texas USA,"29.7589382, -95.3676974"

Afghanistan,"33.7680065, 66.2385139"

Kruger National Park South Africa,"-23.915303350000002, 31.49070131950694"

Pila Laguna Philippines,"14.244308, 121.35478593709041"

Studio City Los Angeles California USA,"34.1483989, -118.3961877"

Brighton East Sussex England UK,"50.836257950000004, -0.29412398246015004"

Dallas Texas USA,"32.7762719, -96.7968559"

Kentucky USA,"37.5726028, -85.1551411"

Staten Island New York City New York USA,"40.5834557, -74.1496048"

Bhopal India,"23.2584857, 77.401989"

Mumbai India,"19.0759899, 72.8773928"

Goa India,"51.5323423, 9.937216"

Hyderabad India,"17.360589, 78.4740613"

Rose Bay NSW Australia,"-33.8741644, 151.265471"

State Farm Arena Hidalgo Texas USA,"26.124031600000002, -98.24688517738825"

Mohegan Sun Arena Uncasville Connecticut USA,"41.4911056, -72.0897112"

Scottrade Center St. Louis Missouri USA,"38.6268507, -90.20263960655544"

Grand Canyon University Phoenix Arizona USA,"33.5131888, -112.12849368709024"

Moda Center Portland Oregon USA,"45.5315787, -122.66683365218687"

Visalia Convention Center Visalia California USA,"36.3284082, -119.29154348611313"

 Wichita Kansas,"37.6922361, -97.3375448"

 Cedar Rapids Iowa USA,"41.9758872, -91.6704053"

Santa Ana Star Center Rio Rancho New Mexico USA,"35.3090775, -106.68669596671296"

Long Beach Convention Center Long Beach California USA,"33.76468345, -118.19082874479344"

WinStar World Casino Thackerville Oklahoma USA,"33.75788885, -97.13211971186303"

 New Jersey USA,"40.0757384, -74.4041622"

 Oklahoma City Oklahoma USA,"35.4729886, -97.5170536"

 Hammond Indiana USA,"41.5833658, -87.500043"

 Kansas USA,"38.27312, -98.5821872"

Maverik Center Salt Lake City Utah USA,"40.7758093, -112.026112"

Reno Events Center Reno Nevada USA,"39.53089695, -119.81247350085957"

Pechanga Resort & Casino Temecula California USA,"33.45503035, -117.10602169190855"

Mid-America Center Council Bluffs Iowa USA,"41.236536650000005, -95.89134370148463"

CompuWare Arena Plymouth Township Michigan USA,"42.3893748, -83.50637874238865"

Soaring Eagle Casino & Resort Mount Pleasant Michigan USA,"43.60840435, -84.71299056472051"

Gwinnett Center - 6400 Sugarloaf Parkway Duluth Georgia USA,"33.991601349999996, -84.09383971450303"

Bojangles Coliseum Charlotte North Carolina USA,"35.2050444, -80.79510770823653"

 Lewiston Maine USA,"44.100351, -70.2147764"

 University of South Florida Tampa Florida USA,"28.0597757, -82.4181673"

Rumson New Jersey USA,"40.372054, -73.9990269"

Estremoz Portalegre Portugal,"38.9105166, -7.6205531"

Alaska USA,"61.5845304, -149.42810789824466"

 Queensland Australia,"-22.1646782, 144.5844903"

Georgia USA,"32.3293809, -83.1137366"

Namibia,"-23.2335499, 17.3231107"

Terlingua Texas USA,"29.321586, -103.6160191"

Belgium,"50.6402809, 4.6667145"

Rhode Island USA,"41.7962409, -71.5992372"

Massachusetts USA,"42.3788774, -72.032366"

Connecticut USA,"41.6500201, -72.7342163"

North Providence Rhode Island USA,"41.8500997, -71.4661703"

 Altadena California USA,"34.1863161, -118.1352329"

Huntsville Alabama USA,"34.729847, -86.5859011"

Birmingham Alabama USA,"33.5206824, -86.8024326"

Cozumel Quintana Roo Mexico,"20.4317585, -86.92027456597663"

Moulton Alabama USA,"34.4817816, -87.2919449"

Gadsden Alabama USA,"34.010929, -85.9989596"

Harvest Alabama USA,"34.857193249999995, -86.74907012252524"

Scottsboro Alabama USA,"34.6731323, -86.0338765"

Decatur Alabama USA,"34.6060203, -86.9838165"

Auckland New Zealand,"-36.852095, 174.7631803"

Nashville Tennessee USA,"36.1622767, -86.7742984"

York North Yorkshire England UK,"54.37734155, -0.887986789570117"

Milwaukee Wisconsin USA,"43.0349931, -87.922497"

 Culver City California USA,"34.0211224, -118.396466"

Indianapolis Indiana USA,"39.7683331, -86.1583502"

Zionsville Indiana USA,"39.950724, -86.2616968"

Brielle New Jersey USA,"40.10498825, -74.06322845652794"

 London England UK,"51.5073219, -0.1276474"

Bel Air Los Angeles California USA,"34.0827278, -118.4479802"

Beverly Hills California USA,"34.0696501, -118.3963062"

Abu Dhabi United Arab Emirates,"24.4538352, 54.3774014"

Philippines,"12.7503486, 122.7312101"

Conroe Texas USA,"30.3118769, -95.4560512"

Sweden,"59.6749712, 14.5208584"

 Toronto Ontario Canada,"43.6534817, -79.3839347"

USA,"39.7837304, -100.445882"

Haiti,"19.1399952, -72.3570972"

Tanzania,"-6.5247123, 35.7878438"

Jordan,"31.1667049, 36.941628"

Colleyville Texas USA,"32.8809603, -97.155012"

701 N. Watson Road Arlington Texas USA,"32.75298364444785, -97.06254630231531"

Lewisville Texas USA,"33.046233, -96.994174"

Justin Texas USA,"33.0848442, -97.2961286"

Pune Maharashtra India,"18.521428, 73.8544541"

Coney Island Brooklyn New York City New York USA,"40.575929599999995, -73.99219633010372"

Galveston Texas USA,"29.299328, -94.7945882"

Stavanger Norway,"59.1020129, 5.712611357275702"

Alicante Comunidad Valenciana Spain,"38.3436365, -0.4881708"

 Alicante Comunidad Valenciana Spain,"38.3436365, -0.4881708"

 Austin Texas USA,"30.2711286, -97.7436995"

Herkimer New York USA,"43.0256259, -74.9859889"

Northern Ireland UK,"54.5859836, -6.9591554"

County Donegal Ireland,"54.92075415, -7.952385214651309"

Wooster Ohio USA,"40.7980976, -81.9397733"

San Diego County California USA,"32.9637838, -116.7706277"

 Machecoul Loire-Atlantique France,"46.9919694, -1.848034198853211"

Forum Romanum Rome Lazio Italy,"41.89162475, 12.48671195744897"

Pozzuoli Naples Campania Italy,"40.8139363, 14.1659523"

Rome Lazio Italy,"41.8933203, 12.4829321"

 Reims Marne France,"49.2577886, 4.031926"

Archives Municipales de Nantes Nantes Loire-Atlantique France,"47.21912585, -1.5543940708260338"

Machecoul Loire-Atlantique France,"46.9919694, -1.848034198853211"

Budapest Hungary,"47.4979937, 19.0403594"

Cachtice Slovakia,"48.7138556, 17.7871394"

Capri Italy,"40.54877475, 14.22808744705355"

Brisbane Queensland Australia,"-27.4689682, 153.0234991"

Danville California USA,"37.8215929, -121.99996"

Blackhawk Plaza - 4040 Blackhawk Plaza Circle Danville California USA,"37.7992902, -121.91770186790828"

Alamo California USA,"37.855102, -122.00666961517742"

South Jordan Utah USA,"40.5584882, -111.9367107"

Oquirrh Lake South Jordan Utah USA,"40.554399950000004, -112.00102871869257"

Las Trampas Regional Wilderness Danville California USA,"37.81459845, -122.0434946224112"

San Ramon California USA,"37.7648021, -121.9544387"

Miami Florida USA,"25.7741728, -80.19362"

Scotland UK,"56.7861112, -4.1140518"

Sitges Barcelona Catalonia Spain,"41.2366707, 1.8228136"

Alberta Canada,"55.1034163, -117.6114988"

Santa Cruz Bolivia,"-17.333333, -61.5"

Bolivia,"-17.0568696, -64.9912286"

 Rio de Janeiro Rio de Janeiro Brazil,"-22.9110137, -43.2093727"

Rocinha Rio de Janeiro Brazil,"-22.98975135, -43.24767505042736"

Augusta Georgia USA,"33.4709714, -81.9748429"

Baton Rouge Louisiana USA,"30.4459596, -91.18738"

Donaldsonville Louisiana USA,"30.1010324, -90.9928774"

Port Allen Louisiana USA,"30.4521351, -91.2101081"

St. Francisville Louisiana USA,"30.7807244, -91.3763353"

Oaks Pennsylvania USA,"40.1317722, -75.4596319"

Iceland,"64.9841821, -18.1059013"

Hawaii USA,"19.593801499999998, -155.42837009716908"

Egypt,"26.2540493, 29.2675469"

Thailand,"14.8971921, 100.83273"

 Iceland,"64.9841821, -18.1059013"

Violet Louisiana USA,"29.8992635, -89.89338721140962"

St. Bernard Parish Louisiana USA,"29.8217562, -89.6008692"

Slidell Louisiana USA,"30.2751945, -89.7811745"

Spot 5750 - Hollywood California USA,"34.0893805, -118.3770621"

Brazil,"-10.3333333, -53.2"

 Par� Brazil,"-4.6988892, -36.7684079"

Macau Rio Grande do Norte Brazil,"-5.1133665, -36.6349957"

 Brazil,"-10.3333333, -53.2"

Hollywood Los Angeles California USA,"34.0980031, -118.329523"

Charters Towers Queensland Australia,"-20.0714089, 146.2709824"

Excelsior Library Charters Towers Queensland Australia,"-20.076872, 146.261276"

Court House Charters Towers Queensland Australia,"-18.9995615, 144.9767845"

Broughton River Queensland Australia,"-20.1730817, 146.3179744"

City Hall Charters Towers Queensland Australia,"-20.075668, 146.2569683"

Towers Hill Charters Towers Queensland Australia,"-20.0916672, 146.249176"

 Charters Towers Queensland Australia,"-20.0714089, 146.2709824"

Bow Street Charters Towers Queensland Australia,"-20.074163, 146.2583819"

Gill Street Charters Towers Queensland Australia,"-20.0765493, 146.2607155"

Bridgwater Somerset England UK,"51.13187595, -2.994103673487545"

 Richmond Surrey England UK,"51.3066341, -0.7166168"

 Melbourne Victoria Australia,"-37.8142176, 144.9631608"

 Pretoria Gauteng South Africa,"-25.7459374, 28.1879444"

Pretoria Gauteng South Africa,"-25.7459374, 28.1879444"

 Limpopo South Africa,"-23.4735288, 29.3959199"

Ravenswood Queensland Australia,"-20.1083823, 146.8985062"

 Ravenswood Queensland Australia,"-20.1083823, 146.8985062"

Macrossan Street Ravenswood Queensland Australia,"-20.0979366, 146.8860966"

Miners House Ravenswood Queensland Australia,"-20.10007505, 146.88454012440323"

High Court of Australia Canberra Australian Capital Territory Australia,"-35.299020350000006, 149.13572485162183"

Buckingham Palace Westminster London England UK,"51.500841300000005, -0.14298782562962786"

Queen Street Melbourne Victoria Australia,"-37.748768, 144.9503549"

Shrine of Remembrance Melbourne Australia,"-37.83054235, 144.973445895804"

Ventura California USA,"34.4458248, -119.0779359"

Cleveland Ohio USA,"41.4996562, -81.6936813"

Parma Ohio USA,"41.3822398, -81.7355692"

Richfield Ohio USA,"41.2397772, -81.6381785"

Montego Bay Cornwall Jamaica,"18.4724603, -77.9217357"

 Mexico,"23.6585116, -102.0077097"

Portishead Somerset England UK,"51.4806882, -2.7768562"

Clevedon Somerset England UK,"51.4360625, -2.8526531"

Bristol England UK,"51.4538022, -2.5972985"

West Bay Dorset England UK,"50.7113266, -2.7615661"

Eype Mount Lane Dorset UK,"50.7165138, -2.7839406"

University of Exeter Exeter Devon England UK,"50.7369302, -3.536476717021671"

Weymouth Dorset England UK,"50.6096257, -2.4543424"

Bridehead House Littlebredy Dorset England UK,"50.697337250000004, -2.58439026400292"

Bridehead House Littlebredy  England UK,"50.697337250000004, -2.58439026400292"

CBS Studio Center - 4024 Radford Avenue Studio City Los Angeles California USA,"34.144443100000004, -118.39064710524916"

 CA USA,"35.5329546, -119.1854344"

Camden New Jersey USA,"39.9448402, -75.1198911"

Pennsauken New Jersey USA,"39.9562238, -75.0579502"

Berlin New Jersey USA,"39.7912262, -74.9290536"

Almaty Kazakhstan,"43.2363924, 76.9457275"

BME Budapest Hungary,"47.47844135, 19.057715354417404"

 Budapest Hungary,"47.4979937, 19.0403594"

 Merseyside England UK,"53.4953602, -2.973937960086006"

Great Barrier Reef Queensland Australia,"-19.1013672, 146.9558555"

Norway,"60.5000209, 9.0999715"

 Vanuatu,"-16.5255069, 168.1069154"

Del Mar California USA,"32.9594891, -117.2653146"

Zermatt Kanton Wallis Switzerland,"46.0222273, 7.7494002"

Cancun Mexico,"21.1617854, -86.8510468"

Chachapoya Peru,"-6.3291532, -77.8931241"

Lauterbrunnen Kanton Bern Switzerland,"46.5939043, 7.9078016"

Frankfurt Germany,"50.1106444, 8.6820917"

Temecula California USA,"33.4946353, -117.1473661"

West Kalimantan Indonesia,"-0.1322387, 111.0968901"

Belfast Northern Ireland,"54.596391, -5.9301829"

Miami USA,"25.7741728, -80.19362"

Durban KwaZulu-Natal South Africa,"-29.861825, 31.009909"

Raleigh North Carolina USA,"35.7803977, -78.6390989"

Wake Forest North Carolina USA,"35.9803138, -78.5103731"

Bratislava Slovakia,"48.1516988, 17.1093063"

Sedona Arizona USA,"34.8679599, -111.7617165"

Birmingham West Midlands England UK,"52.4796992, -1.9026911"

718 Sophia St Fredericksburg Virginia USA,"38.301679, -77.457208"

1115 Caroline St Fredericksburg Virginia USA,"38.3053757, -77.46031989739862"

9900 Southpoint Pkwy Fredericksburg Virginia USA,"38.234158550000004, -77.50357688484887"

397 Seocho-daero Seocho 4 sa-dong Seocho-gu Seoul South-Korea,"37.497412499999996, 127.02449538926615"

Royal Melbourne Showgrounds Flemington Victoria Australia,"-37.782899549999996, 144.91133030360731"

Guadalajara Jalisco Mexico,"20.6720375, -103.338396"

Cuba,"23.0131338, -80.8328748"

 Seine-Maritime France,"49.66323745, 0.9401133910609153"

 South Salt Lake City Utah USA,"40.7222517, -111.8902357"

Lisbon Portugal,"38.7077507, -9.1365919"

Morristown New Jersey USA,"40.7970382, -74.4809868"

Daytona Beach Florida USA,"29.2108147, -81.0228331"

Orange California USA,"33.7500378, -117.8704931"

Tweed Shire New South Wales Australia,"-28.181708, 153.5469621"

Polegate East Sussex England UK,"50.82768365, 0.244665171592643"

Medina Ohio USA,"41.1383878, -81.8637474"

Ann Arbor Michigan USA,"42.2681569, -83.7312291"

Brunswick Ohio USA,"41.2456819, -81.8275398"

Grayling Michigan USA,"44.661517, -84.714637"

Gaylord Michigan USA,"45.027513, -84.674752"

Dominica,"19.0974031, -70.3028026"

Port of Spain Trinidad & Tobago,"10.6572678, -61.5180173"

Puerto Rico,"18.2214149, -66.41328179513847"

Wakefield Cathedral West Yorkshire England UK,"53.6830458, -1.4967999886868646"

Wells Cathedral Wells Somerset England UK,"51.2103879, -2.64353800873494"

Southwark Cathedral Southwark London England UK,"51.5061099, -0.08968911671052067"

San Antonio Texas USA,"29.4246002, -98.4951405"

Deep Cove North Vancouver British Columbia Canada,"49.326799, -122.950257"

Sunset Beach Vancouver British Columbia Canada,"49.3999212, -123.2470658"

2402 Panorama Dr North Vancouver British Columbia Canada,"49.3323785, -122.9415792"

Gastown Vancouver British Columbia Canada,"49.2836567, -123.1062358"

d,"47.06699155, 6.235622772820445"

Oak Bay Victoria British Columbia Canada,"48.4265351, -123.3366363"

Duncan British Columbia Canada,"48.7786872, -123.7080446"

Cowichan Bay British Columbia Canada,"48.741701, -123.626404"

Genoa Bay British Columbia Canada,"48.7578485, -123.6006814"

Victoria British Columbia Canada,"48.4283182, -123.3649533"

La Verne California USA,"34.1008426, -117.7678355"

 California USA,"36.7014631, -118.755997"

Aquatic Centre Sydney Olympic Park Sydney New South Wales Australia,"-33.8502953, 151.06716409381687"

Lagos Nigeria,"6.4550575, 3.3941795"

Accra Ghana,"5.5571096, -0.2012376"

Johannesburg South Africa,"-26.205, 28.049722"

�st� nad Labem Czech Republic,"50.5105193, 13.6579808"

Lidice Czech Republic,"50.1435834, 14.1905224"

Tanvald Czech Republic,"50.7379436, 15.3037997"

Ricoh Arena Rowley's Green Coventry West Midlands England UK,"52.448117499999995, -1.4956550824888444"

 Johannesburg South Africa,"-26.205, 28.049722"

Grand Haven Michigan USA,"43.0630734, -86.2283864"

New Jersey USA,"40.0757384, -74.4041622"

Paterson New Jersey USA,"40.9167654, -74.171811"

Lambert Castle Paterson New Jersey USA,"40.900192450000006, -74.17288195781234"

Manasquan New Jersey USA,"40.126226, -74.049304"

 Manasquan New Jersey USA,"40.126226, -74.049304"

Lebanon,"33.8750629, 35.843409"

Tel Aviv Israel,"32.0852997, 34.7818064"

Valencia Comunidad Valenciana Spain,"39.4697065, -0.3763353"

Lyon France,"45.7578137, 4.8320114"

 Philadelphia Pennsylvania USA,"39.9527237, -75.1635262"

Downtown Los Angeles California USA,"34.0428494, -118.2476732"

Malibu California USA,"34.035591, -118.689423"

 Salford Greater Manchester England UK,"53.4877463, -2.2891921"

Hamilton New Jersey USA,"40.2070573, -74.0812506"

Morrisville Pennsylvania USA,"40.2114978, -74.7879399"

Denver Colorado USA,"39.7392364, -104.9848623"

Boulder Colorado USA,"40.0149856, -105.270545"

Irvine California USA,"33.6856969, -117.8259819"

 Anaheim California USA,"33.8347516, -117.911732"

Berkeley California USA,"37.8753497, -122.23963364918777"

Camarillo California USA,"34.2176371, -119.0383541"

Fontana California USA,"34.0922335, -117.435048"

 Antioquia Colombia,"7.0000085, -75.5000086"

Essex England UK,"51.77046785, 0.46466977412300386"

National Museum of American History Washington District of Columbia USA,"38.89123965, -77.03002051601241"

Ica Peru,"-14.338611, -75.648333"

Pontevedra Galicia Spain,"42.6075172, -8.4714942"

Southern California California USA,"34.0218833, -118.28586726915088"

Norfolk Island,"-29.0289575, 167.9587289126371"

 Valencia Comunidad Valenciana Spain,"39.4697065, -0.3763353"

Glendale California USA,"34.1469416, -118.2478471"

Camp Hill Tallapoosa County Alabama USA,"32.8004059, -85.6535659"

Alabama USA,"33.2588817, -86.8295337"

Chattanooga Tennessee USA,"35.0457219, -85.3094883"

Amarillo Texas USA,"35.2072185, -101.8338246"

Newton Iowa USA,"41.6996927, -93.0537592"

Waller County Texas USA,"29.9443902, -95.9955885"

Okaloosa County Florida USA,"30.6765961, -86.6037748"

Fort Walton Beach Florida USA,"30.4057552, -86.618842"

Cottonwood Arizona USA,"34.739489, -112.009793"

Vigo County Indiana USA,"39.4174652, -87.3974269"

 Terre Haute Indiana USA,"39.4667025, -87.4139119"

Altus Oklahoma USA,"34.6381255, -99.3339754"

Oklahoma USA,"34.9550817, -97.2684063"

Hillsboro Texas USA,"32.0108506, -97.1303744"

Snyder Oklahoma USA,"34.6589592, -98.9517418"

Bellevue Ohio USA,"41.2736163, -82.8409057"

Terre Haute Indiana USA,"39.4667025, -87.4139119"

Benton County Iowa USA,"42.0599693, -92.0776319"

Hope Arkansas USA,"33.6670616, -93.5915665"

Matagorda County Texas USA,"28.8879823, -96.0035095"

Columbus Georgia USA,"32.4610708, -84.9880449"

Aurora Colorado USA,"39.7405111, -104.8309947"

Guernsey County Ohio USA,"40.0802222, -81.4859433"

Cambridge Ohio USA,"40.031183, -81.5884561"

Paulding County Ohio USA,"41.1628401, -84.5902954"

Gallatin Tennessee USA,"36.3883031, -86.4475898"

Cuero Texas USA,"29.0938036, -97.2900564"

Thatcher Arizona USA,"32.8492323, -109.7592479"

Pocatello Idaho USA,"42.8620287, -112.450627"

Orofino Idaho USA,"46.4811378, -116.255778"

Rocky Mountain PBS Denver Colorado USA,"39.7335667, -104.9906576"

History Colorado Center Denver Colorado USA,"39.735668149999995, -104.98671192146719"

Alice Springs Northern Territory Australia,"-23.6983884, 133.8812885"

Lake Eyre South Australia Australia,"-29.2905703, 137.40841095307604"

Ceduna South Australia Australia,"-32.1483706, 134.09672159341682"

Cairns Queensland Australia,"-16.9206657, 145.7721854"

Cherbourg Queensland Australia,"-26.287366499999997, 151.92890633757284"

Rockhampton Queensland Australia,"-23.3782137, 150.5134227"

Walgett New South Wales Australia,"-30.0222159, 148.1175705"

Darwin Northern Territory Australia,"-12.46044, 130.8410469"

Roma Lazio Italy,"41.8933203, 12.4829321"

Malta,"35.8885993, 14.4476911"

6979 Yonge North York Ontario Canada,"43.79785498594249, -79.41984306549521"

Toluca Lake Los Angeles California USA,"34.1521688, -118.3571417"

Jujuy Argentina,"-23.3161458, -65.7595288"

Vilvoorde Belgium,"50.9287524, 4.4228712"

Buenos Aires Argentina,"45.4838459, 9.2147675"

Brasil,"-10.3333333, -53.2"

 Galicia Spain,"42.61946, -7.863112"

Televisa San Angel Mexico City Distrito Federal Mexico,"19.34476565, -99.20394733773142"

Tamaulipas Mexico,"23.9891553, -98.7026825"

Kyoto Japan,"35.021041, 135.7556075"

Tempe Arizona USA,"33.4255056, -111.9400091"

Pyongyang North Korea,"39.0167979, 125.7473609"

DMZ South Korea,"38.3072977, 127.23023944375083"

Tuscany Italy,"43.4586541, 11.1389204"

Stockholm Sweden,"59.3251172, 18.0710935"

 Germany,"51.0834196, 10.4234469"

Salzburg Austria,"47.7981346, 13.0464806"

Oslo Norway,"59.9133301, 10.7389701"

 Mecklenburg-Western Pomerania Germany,"53.84713085, 13.351339006164036"

Grosseto Tuscany Italy,"42.7751102, 11.287804427628437"

Hamilton Ontario Canada,"43.2560802, -79.8728583"

Pinewood Studios Iver Heath Buckinghamshire England UK,"51.5478149, -0.5315999"

 Maidenhead Berkshire England UK,"51.5192229, -0.736725"

Clifton Bristol England UK,"51.4615884, -2.6202846"

 Alcester Warwickshire England UK,"52.2150202, -1.8695764"

Renishaw Hall Derbyshire England UK,"53.30247225, -1.3447472758967285"

 Chudleigh Devon England UK,"50.61574895, -3.586901870997112"

Griffith Park - 4730 Crystal Springs Drive Los Angeles California USA,"34.121879199999995, -118.27341878995601"

Florida USA,"27.7567667, -81.4639835"

Baltimore Maryland USA,"39.2908816, -76.610759"

Westchester Los Angeles California USA,"33.9597349, -118.4006322"

Minneapolis Minnesota USA,"44.9772995, -93.2654692"

Central Park Manhattan New York City New York USA,"40.7827725, -73.9653627406542"

34th St Manhattan New York City New York USA,"40.7541559, -73.9981056"

 Sofia Bulgaria,"42.6978634, 23.3221789"

Bulgaria,"42.6073975, 25.4856617"

Czech Republic,"49.8167003, 15.4749544"

Opatija Croatia,"45.332782, 14.3029538"

 Prague Czech Republic,"50.0874654, 14.4212535"

Hospital of the University of Pennsylvania Philadelphia Pennsylvania USA,"39.94994805, -75.1941014226351"

Maanweg 174 The Hague Netherlands,"52.0679962, 4.3533385"

Vesterbrogade Vesterbro Copenhagen Denmark,"55.6743497, 12.563176"

Marseille France,"43.2961743, 5.3699525"

 New Town Prague Czech Republic,"50.0759376, 14.4199464"

 Czech Republic,"49.8167003, 15.4749544"

Gendarmenmarkt Mitte Berlin Germany,"52.5135751, 13.3931804"

Sony Center Tiergarten Berlin Germany,"52.510530700000004, 13.372477097386039"

Alexanderplatz Berlin Germany,"52.52197645, 13.413637435864272"

Gare du Nord Paris 10 Paris France,"48.8809188, 2.3542738339835543"

 Marsala Tita 124 Opatija Croatia,"45.3314103, 14.3017218"

Strahov Library Prague Czech Republic,"50.0862927, 14.3887091"

Fort du Mont Alban Nice Alpes-Maritimes France,"43.701325999999995, 7.30029662455141"

Red Square Moscow Russia,"55.7536283, 37.62137960067377"

Porte de Cannes Cannes France,"43.54041085, 7.039019212832418"

 Moscow Russia,"55.7504461, 37.6174943"

Brno-Turany Airport Brno Czech Republic,"49.15248475, 16.690134401898796"

 Sportovni Brno Czech Republic,"49.2141111, 16.6059013"

 Brno Czech Republic,"49.1922443, 16.6113382"

Rue du Juge du Palais Marseille France,"43.2965149, 5.3729919"

Prague railway station Prague Czech Republic,"50.0830349, 14.436145"

Pruhonice Castle Pruhonice Czech Republic,"50.00044405, 14.557561235476543"

Hotel Jalta Wenceslas Square Prague Czech Republic,"50.081241750000004, 14.428501606757582"

Wenceslas Square New Town Prague Czech Republic,"50.0815867, 14.427170364227162"

Livorno Tuscany Italy,"42.790216599999994, 10.340278678735025"

Covilha Portugal,"40.2805658, -7.5043211"

Ljubljana Slovenia,"46.0499803, 14.5068602"

Davidson North Carolina USA,"35.4992614, -80.8485218"

Encino Los Angeles California USA,"34.1591324, -118.5016166"

Flanders Belgium,"51.096246199999996, 4.178629103169916"

Barcelona Spain,"41.3828939, 2.1774322"

Havana Cuba,"22.1883069, 113.5493076"

Santiago de Chile Chile,"-33.4377756, -70.6504502"

"New York City,  New York,  USA","40.7127281, -74.0060152"
"Barra da Tijuca,  Rio de Janeiro,  Rio de Janeiro,  Brazil","-22.9979553, -43.37311472822825"
"Burbank,  California,  USA","34.1816482, -118.3258554"
"New York,  USA","40.7127281, -74.0060152"
"Brooklyn,  New York,  USA","40.6526006, -73.9497211"
"Atlanta Georgia,  USA","33.7489924, -84.3902644"
"Memphis,  Tennessee,  USA","35.1490215, -90.0516285"
"Roanoke,  Virginia,  USA","37.270973, -79.9414313"
"Charlotte,  North Carolina,  USA","35.2272086, -80.8430827"
"Atlanta,  Georgia,  USA","33.7489924, -84.3902644"
"Northridge,  California,  USA","34.2345615, -118.5369316"
"California,  USA","36.7014631, -118.755997"
Europe,"51.0, 10.0"
"Wells,  British Columbia,  Canada","53.1044428, -121.5723679"
Barkerville Highway,"53.0154665, -122.4950096"
"Burnaby,  British Columbia,  Canada","49.2433804, -122.9725459"
"Coquitlam,  British Columbia,  Canada","49.2842958, -122.793281"
"Quesnel,  British Columbia,  Canada","52.9794279, -122.4936273"
"Barkerville,  British Columbia,  Canada","53.068471, -121.5153039254653"
"Vancouver,  British Columbia,  Canada","49.2608724, -123.113952"
"North Vancouver,  British Columbia,  Canada","49.3206294, -123.0737925"
"Kelowna,  British Columbia,  Canada","49.8879177, -119.4959025"
"Richmond,  British Columbia,  Canada","49.163168, -123.137414"
"Sicamous,  British Columbia,  Canada","50.8270107, -118.98552905060103"
"Calgary,  Alberta,  Canada","51.0460954, -114.065465"
"Hope,  British Columbia,  Canada","49.3799438, -121.441351"
"Stanley Park,  Vancouver,  British Columbia,  Canada","49.3019112, -123.14154052837662"
"Alberta,  Canada","55.001251, -115.002136"
"Budapest,  Hungary","47.4979937, 19.0403594"
"Stanley,  British Columbia,  Canada","53.0402309, -121.718755"
"Wendle Lake,  British Columbia,  Canada","53.1173414, -121.49901337494916"
"Boston Bar,  British Columbia,  Canada","49.8681162, -121.4432499"
"British Columbia,  Canada","55.001251, -125.002441"
"Toronto,  Ontario,  Canada","43.6534817, -79.3839347"
"Banff,  Alberta,  Canada","51.1777781, -115.5682504"
"Winnipeg,  Manitoba,  Canada","49.8955367, -97.1384584"
"Cambridge,  Ontario,  Canada","43.3600536, -80.3123023"
"Ayr,  Ontario,  Canada","43.2855122, -80.4507012"
"Downsview,  Ontario,  Canada","43.7492988, -79.462248"
"Hamilton,  Ontario,  Canada","43.2560802, -79.8728583"
"Orono,  Ontario,  Canada","43.975028, -78.616447"
"Dealey Plaza - Elm Street,  Dallas,  Texas,  USA","32.7797097, -96.8084399"
"Guelph,  Ontario,  Canada","43.5460516, -80.2493276"
"Dallas,  Texas,  USA","32.7762719, -96.7968559"
"Main Street,  Clarington,  Ontario,  Canada","43.9744146, -78.6160819"
"Westinghouse Avenue,  Hamilton Ontario,  Canada","43.2585525, -79.8423487"
"Dunnville,  Ontario,  Canada","42.9059168, -79.6188457"
" Guelph,  Ontario,  Canada","43.5460516, -80.2493276"
" 863 King St E,  Hamilton,  Ontario,  Canada","43.2514847, -79.84048565"
"Dallas Convention Center - Dallas,  Texas,  USA","33.0924143, -96.68283576451066"
"Hampton,  Ontario,  Canada","43.9717503, -78.7469382"
"Solina,  Ontario,  Canada","43.9736944, -78.7836962"
"Los Angeles,  California,  USA","34.0536909, -118.242766"
"5101 W. Century Blvd,  Inglewood,  California,  USA","33.945977049999996, -118.36717676392584"
"Sudbury,  Ontario,  Canada","46.49272, -80.991211"
"Amiens,  Somme,  France","49.8941708, 2.2956951"
"Creuse,  Somme,  France","49.8390337, 2.1633769"
"Vignacourt,  Somme,  France","50.0118385, 2.1967768"
"Beauvais,  Oise,  France","49.4300997, 2.0823355"
" Somme,  France","49.96894815, 2.373885538932255"
Germany,"51.0834196, 10.4234469"
Ireland,"52.865196, -7.9794599"
"London,  England,  UK","51.5073219, -0.1276474"
"Las Vegas,  Nevada,  USA","36.1672559, -115.148516"
"Hofstra University,  Hempstead,  New York,  USA","40.71702415, -73.60004905339514"
"Washington University,  St. Louis,  Missouri,  USA","38.634807, -90.258941"
"Longwood University,  Farmville,  Virginia,  USA","37.29707385, -78.39579105945458"
"Consol Energy Center,  Pittsburgh,  Pennsylvania,  USA","40.439621700000004, -79.98950569382804"
"SAP Center at San Jose - 525 W. Santa Clara,  San Jose,  California,  USA","37.33286035, -121.90122465574646"
" Carson,  California,  USA","33.8322043, -118.2517547"
"Wrigley Field - 1060 W. Addison St.,  Lake View,  Chicago,  Illinois,  USA","41.94813535, -87.65635154722081"
"Progressive Field - 2401 Ontario Street,  Cleveland,  Ohio,  USA","41.496090550000005, -81.68513191630367"
"Tatacoa Desert,  Colombia","3.2333462, -75.1690534"
"Ottawa,  Ontario,  Canada","45.4211435, -75.6900574"
" Union City,  Georgia,  USA","33.5870558, -84.5424299"
"Orange County,  California,  USA","33.7500378, -117.8704931"
"Laguna Niguel,  California,  USA","33.5225261, -117.7075526"
"Newport Beach,  California,  USA","33.6170092, -117.9294401"
"Santa Ana,  California,  USA","33.7494951, -117.8732213"
"San Juan Capistrano,  California,  USA","33.5016932, -117.6625509"
"Quebec,  Canada","52.4760892, -71.8258668"
Mexico,"23.6585116, -102.0077097"
Slovenia,"45.8133113, 14.4808369"
"West Los Angeles,  Los Angeles,  California,  USA","34.0468546, -118.4302549"
"Baltimore,  Maryland,  USA","39.2908816, -76.610759"
"Stockton University,  Galloway,  New Jersey,  USA","39.4900756, -74.53401951500001"
"Westwood,  Los Angeles,  California,  USA","34.0668947, -118.4399448"
"Bronx,  New York,  USA","40.8466508, -73.8785937"
"Florida,  USA","27.7567667, -81.4639835"
"Cancun,  Mexico","21.1617854, -86.8510468"
"Lapland,  Finland","67.69291045, 26.728204479201416"
"Barcelona,  Spain","41.3828939, 2.1774322"
"West-Coast,  USA","34.0222263, -118.4051088"
"Highlands,  Schotland,  UK","56.8, -5.0"
"Philadelphia,  Pennsylvania,  USA","39.9527237, -75.1635262"
"Trenton,  New Jersey,  USA","40.2170575, -74.7429463"
"Washington,  DC,  USA","38.8950368, -77.0365427"
"Cleveland,  Ohio,  USA","41.4996562, -81.6936813"
" Indiana,  USA","40.3270127, -86.1746933"
" Tucker,  Georgia,  USA","33.85162905, -84.22374316732959"
"Manila,  Philippines","14.5948914, 120.9782618"
"Ipanema,  Rio de Janeiro,  Rio de Janeiro,  Brazil","-22.9839557, -43.2022163"
" Santa Catarina,  Brazil","-27.0628367, -51.114965"
"Wisbech,  Cambridgeshire,  England,  UK","52.6651733, 0.1606824"
" Los Angeles,  California,  USA","34.0536909, -118.242766"
"Okanagan Valley,  British Columbia,  Canada","49.925191850000004, -119.49435055083457"
Hong Kong,"22.2793278, 114.1628131"
Mozambique,"-19.302233, 34.9144977"
"Katembe,  Mozambique","-26.02587665, 32.54330634591153"
"Maputo,  Mozambique","-25.966213, 32.56745"
"Mercado Municipal,  Maputo,  Mozambique","-25.930287, 32.60869784581027"
"Santa Monica,  California,  USA","34.0194704, -118.4912273"
"Ocean Springs,  Mississippi,  USA","30.4112904, -88.8279165"
"New Orleans,  Louisiana,  USA","29.9759983, -90.0782127"
"Santa Clarita,  California,  USA","34.3916641, -118.542586"
Aligarh,"27.87698975, 78.13729027600994"
"Chicago,  Illinois,  USA","41.8755616, -87.6244212"
"Redfern,  NSW,  Australia","-33.8931044, 151.2040292"
"Belmore Park,  Sydney,  NSW,  Australia","-33.88141555, 151.2074611285057"
"Central Station,  Sydney,  NSW,  Australia","-33.8838958, 151.2092701"
"Hyde Park,  Sydney,  NSW,  Australia","-33.8716231, 151.21150983957932"
"St. James Station,  Sydney,  New South Wales,  Australia","-33.8702158, 151.2118067"
" Sydney,  NSW,  Australia","-33.8548157, 151.2164539"
"Sydney,  New South Wales,  Australia","-33.8548157, 151.2164539"
"Helensburgh,  NSW,  Australia","-34.1908519, 150.9822187"
"Woronora Dam,  NSW,  Australia","-34.1095663, 150.93614"
"Waterfall,  New South Wales,  Australia","-34.1347694, 150.9931332"
"Stanwell Park,  New South Wales,  Australia","-34.228928, 150.9881239"
"Otford,  New South Wales,  Australia","-34.2107072, 151.0058352"
"Salton Sea,  California,  USA","33.312590650000004, -115.78148849148695"
"Salton City,  California,  USA","33.296668499999996, -115.95853910224128"
"Owens Lake,  California,  USA","36.42402715, -117.92691635137999"
"Keeler,  California,  USA","36.482546, -117.86575631459041"
"Inyo County,  California,  USA","36.5595325, -117.4074712"
" North Randall,  Ohio,  USA","41.434424, -81.525492"
" Akron,  Ohio,  USA","41.083064, -81.518485"
" Euclid,  Ohio,  USA","41.5931049, -81.5267873"
"Flat Rock,  Newfoundland and Labrador,  Canada","48.89768205, -53.79799367152697"
"Rose Blanche-Harbour le Cou,  Newfoundland,  Newfoundland and Labrador,  Canada","47.6127759, -58.6947173"
"Petites,  Newfoundland,  Newfoundland and Labrador,  Canada","47.619479, -58.6322977"
"La Poile,  Newfoundland,  Newfoundland and Labrador,  Canada","47.6813746, -58.3966862"
"Grand Bruit,  Newfoundland,  Newfoundland and Labrador,  Canada","47.6732289, -58.2262365"
"St. John's,  Newfoundland,  Newfoundland and Labrador,  Canada","47.561701, -52.715149"
" Trinity,  Newfoundland,  Newfoundland and Labrador,  Canada","48.3688329, -53.3576171"
"Fogo Island,  Newfoundland,  Newfoundland and Labrador,  Canada","49.6577899, -54.12632746864675"
"Newfoundland,  Newfoundland and Labrador,  Canada","49.312, -56.474908221771685"
"Royal City,  Washington,  USA","46.9009701, -119.6305912"
"Satsop,  Washington,  USA","47.02557745, -123.4748824388602"
"Cape Disappointment,  Washington,  USA","46.29007625, -124.06815876521793"
"Astoria,  Oregon,  USA","46.187885, -123.831256"
"Seaside,  Oregon,  USA","45.993246, -123.920213"
"St. Louis,  Missouri,  USA","38.6264256, -90.1995853"
" St. Louis,  Missouri,  USA","38.6264256, -90.1995853"
"Cleveland High School - 4352 Louisiana,  St. Louis,  Missouri,  USA","38.577723649999996, -90.24297952174445"
"Istanbul,  Turkey","41.0091982, 28.9662187"
"Yerevan,  Armenia","40.1776245, 44.5126174"
"Bergen,  Hordaland,  Norway","60.393434299999996, 5.321446894968321"
"Amherst,  Massachusetts,  USA","42.3685658, -72.505714"
"Minnesota,  USA","45.9896587, -94.6113288"
"Paris,  France","48.8588897, 2.3200410217200766"
"Grimes,  Iowa,  USA","41.6883214, -93.7910575"
"Des Moines,  Iowa,  USA","41.5910323, -93.6046655"
"Houston,  Texas,  USA","29.7589382, -95.3676974"
 French Polynesia,"-16.03442485, -146.0490931059517"
"1650 S. Sinclair St.,  Anaheim,  California,  USA","33.8096674562272, -117.88018650132645"
"Murrieta,  California,  USA","33.577752399999994, -117.18845420205307"
"Springfield,  Queensland,  Australia","-27.6540497, 152.908847"
"Houston, Texas,  USA","29.7589382, -95.3676974"
Kuwait,"29.2733964, 47.4979476"
"Fort Langley,  British Columbia,  Canada","49.169126, -122.5793628"
"Langley,  British Columbia,  Canada","49.098648749999995, -122.65923259915698"
"Waco,  Texas,  USA","31.549333, -97.1466695"
"Biddestone,  Wiltshire,  England,  UK","51.45852305, -2.2067298722422173"
" Clifton,  Bristol,  England,  UK","51.4615884, -2.6202846"
"West Mall,  Clifton,  Bristol,  England,  UK","51.4552588, -2.6211616"
" Ledbury,  Herefordshire,  England,  UK","52.0357457, -2.4287821"
"West Blocton,  Alabama,  USA","33.1181748, -87.1249954"
"Montevallo,  Alabama,  USA","33.1006746, -86.8641558"
"St. Pat's Bar & Grill NYC 22 w 46th street,  New York City,  New York,  USA","40.7564278, -73.9803554"
Spain,"39.3260685, -4.8379791"
Zimbabwe,"-18.4554963, 29.7468414"
"Andalusia,  Spain","37.3399964, -4.5811614"
"Jakarta,  Indonesia","-6.1753942, 106.827183"
"Tape London,  England,  UK","51.5142957, -0.1446751"
"Alaska,  USA","64.4459613, -149.680909"
Albania,"41.000028, 19.9999619"
"Osnago,  Lombardy,  Italy","45.675678, 9.391148"
"Tampere,  Finland","61.4980214, 23.7603118"
"Helsinki,  Finland","60.1674881, 24.9427473"
"Turenki,  Finland","60.9204847, 24.6510032"
 Finland,"63.2467777, 25.9209164"
"Espoo,  Finland","60.2047672, 24.6568435"
"Tallinn,  Estonia","59.4372155, 24.7453688"
"Auckland,  NZ","-36.852095, 174.7631803"
" Toronto,  Ontario,  Canada","43.6534817, -79.3839347"
" Burbank,  California,  USA","34.1816482, -118.3258554"
"Copenhagen,  Denmark","55.6867243, 12.5700724"
"Schloss Reinharz,  Bad Schmiedeberg,  Saxony-Anhalt,  Germany","51.7000417, 12.674504567623387"
"Adelaide,  South Australia,  Australia","-34.9281805, 138.5999312"
"Scranton,  Pennsylvania,  USA","41.4086874, -75.6621294"
"Toronto Ontario,  Canada","43.6534817, -79.3839347"
"Scheveningen,  's-Gravenhage,  Zuid-Holland,  Netherlands","52.1067449, 4.2736937"
"Amsterdam,  Noord-Holland,  Netherlands","52.3727598, 4.8936041"
"Rotterdam,  Zuid-Holland,  Netherlands","51.9244424, 4.47775"
" Florence,  Italy","43.7698712, 11.2555757"
"Raleigh,  North Carolina,  USA","35.7803977, -78.6390989"
"Manassas,  Virginia,  USA","38.7509488, -77.4752667"
"Washington,  District of Columbia,  USA","38.8950368, -77.0365427"
"Pleasant View,  Utah,  USA","41.3199145, -111.9939299"
"Draper,  Utah,  USA","40.524761, -111.8637305"
"Salt Lake City,  Utah,  USA","40.7596198, -111.8867975"
"Farmington,  Utah,  USA","40.9804423, -111.8874688"
" Salt Lake City,  Utah,  USA","40.7596198, -111.8867975"
"Illinois,  USA","40.0796606, -89.4337288"
" Torrance,  California,  USA","33.8358492, -118.3406288"
"1006 N Rexford Drive,  Beverly Hills,  California,  USA","34.0873851, -118.41157429064279"
"917 South Bundy Drive,  Brentwood,  Los Angeles,  California,  USA","34.04819263376255, -118.4707208201633"
"11978 Mayfield Avenue,  Los Angeles,  California,  USA","34.04829264, -118.4675766"
"3314 Club Drive,  Los Angeles,  California,  USA","34.03261072447709, -118.40242116744938"
" 344 N Camden Drive,  Beverly Hills,  California,  USA","34.068112049999996, -118.40325941383458"
" Hollywood,  Los Angeles,  California,  USA","34.0980031, -118.329523"
" Encino,  California,  USA","34.1591324, -118.5016166"
" Alhambra,  California,  USA","34.093042, -118.12706"
"8573 Robert Avenue,  Sun Valley,  California,  USA","34.225195829268294, -118.37059060975609"
"718 N Elm Drive,  Beverly Hills,  California,  USA","34.08400605, -118.40290409476478"
"1999 Avenue of the Stars,  Los Angeles,  California,  USA","34.05864699999999, -118.4166661173567"
"4804 Topeka Drive,  Tarzana,  California,  USA","34.156602, -118.548128"
" West Hollywood,  California,  USA","34.0923014, -118.3692894"
" Doheny Mansion - 10 Chester Pl,  Los Angeles,  California,  USA","34.03067505, -118.27695407031723"
"Hollywood Roosevelt Hotel - 7000 Hollywood Blvd.,  Hollywood,  Los Angeles,  California,  USA","34.100968050000006, -118.34181478202902"
"San Pedro Municipal Building - 638 S Beacon St,  San Pedro,  Los Angeles,  California,  USA","33.738087050000004, -118.28028292505583"
" California,  USA","36.7014631, -118.755997"
" Downtown,  Los Angeles,  California,  USA","34.0428494, -118.2476732"
"Hollywood,  California,  USA","34.0980031, -118.329523"
"Denver,  Colorado,  USA","39.7392364, -104.9848623"
"Wyoming,  USA","43.1700264, -107.568534"
"Detroit,  Michigan,  USA","42.3315509, -83.0466403"
"Cinespace Studios,  Toronto,  Ontario,  Canada","43.6300234, -79.52817571309554"
"Thorold,  Ontario,  Canada","43.1249127, -79.2005935"
"Rattlesnake Point Conservation Area,  Ontario,  Canada","43.4706925, -79.915066346497"
"Boston,  Massachusetts,  USA","42.3602534, -71.0582912"
"Parkwood Estate,  Oshawa,  Ontario,  Canada","43.904216149999996, -78.867903675"
"Washington State,  USA","47.2868352, -120.212613"
"CBS Studio Center - 4024 Radford Avenue,  Studio City,  Los Angeles,  California,  USA","34.144443100000004, -118.39064710524916"
" Universal City,  California,  USA","34.1419417, -118.3584459"
"Nashville,  Tennessee,  USA","36.1622767, -86.7742984"
"Isla Mujeres,  Quintana Roo,  Mexico","21.2321047, -86.73222812171971"
"Hawaii,  USA","19.593801499999998, -155.42837009716908"
Nevis Island,"17.1508813, -62.5852896007"
"Samana,  Dominican Republic","19.2648113, -69.4930017"
"Grand Cayman,  Cayman Islands","19.3298691, -81.17122907994889"
"Largo,  Florida,  USA","27.9094665, -82.7873244"
" Lisbon,  Portugal","38.7077507, -9.1365919"
"Alfama,  Lisbon,  Portugal","38.7122871, -9.1298579"
"Vienna,  Austria","48.2083537, 16.3725042"
"Berlin,  Germany","52.5170365, 13.3888599"
"Hyderabad,  Telangana,  India","17.360589, 78.4740613"
"Rio de Janeiro,  Rio de Janeiro,  Brazil","-22.9110137, -43.2093727"
" Cromwell Rd,  London,  England,  UK","51.5205736, -0.4336132"
" Whitchurch Lane,  Bristol,  England,  UK","51.4140566, -2.6075448"
" Sherman Oaks,  California,  USA","34.1508718, -118.4489865"
"Oceanside,  California,  USA","33.1958696, -117.3794834"
"Madrid,  Spain","40.4167047, -3.7035825"
Greece,"38.9953683, 21.9877132"
"Fribourg,  Canton Fribourg,  Switzerland","46.8055656, 7.1612669"
"Val Di Fassa,  Dolomiti,  Italy","46.5086128, 11.81571"
"Lisbon,  Portugal","38.7077507, -9.1365919"
"NYC,  New York,  USA","40.7127281, -74.0060152"
"New Jersey,  USA","40.0757384, -74.4041622"
"Loppi,  Finland","60.7173615, 24.4414178"
